uuid,spatial_representation_type
5c23337e-990b-472e-62ec-4c14a5b2de7e,vector
37edddf3-7d64-9ae2-e6a4-427f0b005be5,vector
77194d03-9315-70f9-d71f-4052c857ce82,vector
959ea0f1-3cd4-dda9-3ab3-a6471e12699f,vector
1783197a-01c5-76eb-fa40-7d9328e65808,vector
ab573e15-b9b4-3386-7f4b-b776eb3e1c24,vector
887bb22c-a658-1589-93b5-97785a6fab5b,vector
d8a68a6d-e529-322d-b7fa-98603f3647a7,vector
024277ff-9ed5-515b-aa33-7624d932a13d,vector
22d73e08-b467-fb0b-436e-74da9ff67890,vector
9eed90cf-b41e-3c36-91ee-e08effb75a73,vector
31f8ba16-7c2f-a4c1-483b-38d5aaeca3cd,vector
20860245-9be4-3e40-d34f-dbb2e12dcea8,vector
f8eff7ce-4447-e0b5-bec1-d97e6a100926,vector
0468f6f3-f9e7-0854-a946-d8fff53a800a,vector
e9b5b76a-5957-95b0-90c4-6e1a5af21bc1,vector
910c2ae7-86ed-8e0e-50f0-7fba85d2142d,vector
1c10d98b-bef1-204b-f127-bc926ae88455,vector
832d2e8a-6bc8-330e-b50e-3572a236d141,vector
794a2939-17b2-a84b-4e46-fb34c17de9ef,vector
22d148a8-8afd-f4dd-4e84-32d3b2bceff1,vector
95fab480-450b-afdd-0b50-36be5bae15d5,vector
75bf54eb-c19c-00db-10bc-da37489035fb,vector
c5fbcd95-4b0c-4441-8edf-4323d5c9f0bd,vector
18f661b0-a241-8862-89cf-28758c66132a,vector
7b79853d-0216-22f2-9563-ca22f829711b,vector
94c2a30e-cf79-9bee-d800-55c9293e14a1,vector
9a3fbfde-e60c-d82e-eceb-804c569360c0,vector
dfb4170c-0c31-fc1e-f088-70196c50ec5c,vector
4168301f-0c73-5d67-c712-af74a2e8b0cd,vector
4efecb78-de70-55c9-32d8-e1af688ed0d0,vector
e93aa6b6-fc76-70c2-dac4-4db789fc43c0,vector
d96cbc54-ff94-f27b-228d-da9aed13ff49,vector
54d1fdfb-9750-1df1-8e39-bdb1d7e1aa6c,vector
3187ce7c-ea44-3a3b-a0d1-f929a365325c,vector
9759e3f8-28e0-c96d-2926-8610d5a398df,vector
eaded59c-4985-21a9-4f7f-ea37be853ac6,vector
c2f02bb6-736a-0171-7486-ccbdb397b292,vector
cdc855ca-753e-47ce-9227-25d1681910a2,vector
64d0c388-442e-4d14-6fc0-da3bb463029f,vector
397c516f-a8e1-a6b7-6236-bc62f65d75c6,vector
67851fdc-996e-58b5-2bf1-1985223ac80a,vector
933794fd-58a7-903f-81b1-bb4f2f2ce348,vector
3b8a64f5-e6f0-b04d-0602-921fb275889d,vector
99c79f6a-4af0-e0d8-912a-68cc60e77051,vector
9ecaebf4-a60a-99d7-c0a8-8871fd60ed9a,vector
f650f572-a251-dd2b-649c-23f73cfc8b52,vector
d58f56f9-1b23-5814-afa4-e0a6b4db78a1,vector
c480be2f-24f3-f92e-f448-71b063c9c4f5,vector
b8fe47f9-e335-23e0-37e5-e3af542596dd,vector
fce488e7-4233-22e4-f264-997d04547551,vector
2fd26b01-197a-f65e-0fc8-bfafcbeefd65,vector
dad6a4ce-daa1-3b94-8d71-99d2c89e07e2,vector
a205058d-b199-1883-e296-9c15aece4690,vector
4941c15a-7698-cedf-cb0d-e74ffc8475c4,vector
3666a2a7-f17e-ff3c-b204-a71690189257,vector
9397d6c3-c9bf-07b6-0e2b-218c49bb3770,vector
7552be9d-e62e-4707-54f8-d4ebb64e6da6,vector
f2becb95-a4c5-a22a-a3a1-564103e5ccfe,vector
20d8c589-f2a7-37cf-ad26-e76ab5c7da48,vector
2bd40be2-8077-f1a1-6a07-b87f69793d03,vector
f57d2d37-d794-e67f-a602-df0d52063078,vector
9bce5772-c4fc-91b7-730d-888dfe0bd693,vector
b7943ef8-1cd2-0705-49f4-bd2105fc4d47,vector
8645a17a-4905-ed58-19f9-ae926feaee48,vector
cd708c62-32e2-84f8-2b95-3df043a704bf,vector
266361d2-3d97-c590-ad4e-f37c70b318e3,vector
08f19191-4822-8b4f-498a-4284994c1c96,vector
e68d00bd-df8b-8912-ed45-c14deff2d9f6,vector
1cd6433a-cb2d-1bc0-c9c0-8e5809adeda0,vector
7e925057-33b8-1751-4bff-6114af573b43,vector
8acf3105-9ea0-b3a4-a593-a88c922ed23b,vector
d3fa6302-c6f6-f30c-5815-2519401b6947,vector
6413b7fe-a7d1-df78-dad3-92782648dc17,vector
7a08486a-25a0-bfa8-cc6a-dc8d9a203891,vector
cab35691-2bab-decf-e22c-e558241d78de,vector
abe96ec7-687e-6ad2-6760-220a02fc2e38,vector
12decc63-cb60-ffa8-7322-b1464af49c80,vector
06a00b75-7a65-14e8-b8fa-9c4ac90d1f7e,vector
98eab650-0c7f-2e1a-67b0-6b611c05b8f3,vector
cac3e089-86a1-7e80-665e-bc54957d67af,vector
99b8a312-f15b-177c-9a7d-497affbcf632,vector
12b4b2f7-b887-f7d9-0ff9-3dee0e7ccb9f,vector
6c85b7ba-8211-c5ad-8606-6cad0afe4b61,vector
97fef4c5-cd91-4128-969a-2211cab6c57a,vector
9b6d2e87-1b24-ab58-7652-c7056c1e856a,vector
55cef70c-3879-a385-fca4-301cc12e9d29,vector
cb8ec6c5-ffd4-0163-7bed-62fde0bd648d,vector
5004d83c-95d3-fca4-5bd0-18fc7d6ad0a5,vector