spatial_representation_type,uuid
vector,w8ax-dtd5
vector,9hjx-tghn
vector,ag3d-ztdm
grid,j8g7-mgs2
grid,ce49-jqz4
grid,g553-c6gm
grid,xw5p-vag3
grid,c92y-nia3
grid,5d5m-hhbc
grid,u7wb-ubj8
grid,evdp-8qtg
vector,ig38-6vh3
vector,dub3-ih46
vector,ejad-4dek
vector,spjk-g523
vector,wquy-9gdn
vector,85c3-3eib
vector,9n96-jec3
vector,msgr-d75v
vector,2b2t-tkqs
vector,bsmc-mbwh
vector,ndqx-im2z
vector,4epz-2zxy
vector,iwc5-vamn
vector,9upg-p4mx
vector,swyh-bcmc
vector,4uem-yx99
vector,wyyw-is9b
vector,iphz-pgr7
vector,86eh-82pv
vector,acj7-37ka
vector,ckcd-dtad
vector,adp2-jhvu
vector,4i5u-vdmd
vector,4cr9-9vxn
vector,rs2e-ekha
vector,h8jb-hzrm
vector,458x-dmz3
vector,4ujs-gpyq
vector,eiwy-kfrj
vector,n23s-z3k7
vector,p4z4-pvgm
vector,a6gf-w68e
vector,4fz9-jce3
vector,x8jw-yjc2
vector,62ap-bhwk
vector,yrpf-yrsr
vector,bhx9-mpui
vector,xed8-vvg5
vector,xjmb-zxnn
vector,k3u4-5mnw
vector,t5xr-fjkr
vector,exhe-htib
vector,yqwg-f62a
vector,6htv-yzkm
vector,s4r5-2srh
vector,ynkv-x6rx
vector,569x-2wnq
vector,2rfn-4b6m
vector,76iu-75v2
vector,v69y-jn74
vector,5q4c-27fh
vector,8vwz-9w2v
vector,2cb4-rv6s
vector,sdn9-iw5m
vector,rjs2-u45h
vector,vtrs-5ac4
vector,uryb-z2gb
vector,cjfb-f4d4
vector,ur5f-wm24
vector,fpca-jrmt
vector,yjmz-hpnc
vector,kfmd-m3ru
vector,845c-gbqt
vector,na6y-vuz3
vector,bkty-qkqe
vector,5vns-2bw2
vector,ty4r-gcnk
vector,2m7k-63fu
vector,n7be-bzwb
vector,xf3i-vxcb
vector,jdf8-5rt8
vector,a89z-tinp
vector,xtdd-axm7
vector,tntn-er5g
vector,wanf-acts
vector,a796-4rv8
vector,h57h-p9mm
vector,ticv-5du5
vector,gcep-xeci
vector,7bqh-hssn
vector,8xvj-phvi
vector,qusm-8w98
vector,r8uf-t7rg
vector,agxn-dwx7
vector,j6a7-vjpj
vector,6aac-8xtn
vector,v5z7-rzy4
vector,y7tt-edu2
vector,u4yx-dnte
vector,ftd4-srry
vector,i9ee-9hct
vector,eri5-hhwe
vector,7t4h-ktpk
vector,q6zd-39t3
vector,2h2s-6bg4
vector,5awr-9zjz
vector,m6qa-i3w9
vector,9ay9-v8wn
vector,fkyr-wmdy
vector,ekj2-xqug
vector,mjkg-93xg
vector,99u3-pv3t
vector,rcyb-u6kq
vector,s6e3-fdmr
vector,hfzp-f9qq
vector,297j-pprg
vector,2k3n-wed5
vector,wwaq-2akq
vector,kdgs-3rvd
vector,y69u-3nas
vector,vepn-dzr8
vector,x76a-axw2
vector,f84a-3hfv
vector,tpmq-ngg9
vector,hwep-2s8y
vector,if4h-78fy
vector,iite-snyb
vector,et8e-is7k
vector,en23-iwca
vector,r5rw-cxh3
vector,wrn9-n6se
vector,kjbw-et7g
vector,d24z-f2dv
vector,85bu-jn22
vector,8sv8-3tad
vector,x7cs-y5zd
vector,2bju-ndbs
vector,45un-ukgv
vector,w3bw-e6yc
vector,484g-adjn
vector,kwmn-e4nc
vector,5zyd-q83j
vector,jr2d-k7va
vector,9a47-73i4
vector,aegm-vxzv
vector,uwer-ib6e
vector,y9yj-wxzt
vector,nxzm-xxps
vector,btmb-pp7q
vector,tmfr-3h8a
vector,s3ax-gi3m
vector,5zdi-iics
vector,iyap-ttn5
vector,hijj-kp39
vector,2d4m-9e6x
vector,3nka-59nz
vector,3j9v-yimg
vector,aasp-xptj
vector,kmt6-2fge
vector,k3yz-94y3
vector,xdjw-yy9m
vector,rygu-jtaq
vector,utbc-xmfs
vector,en5t-xr3k